subject,label
Win a free iPhone,Spam
Meeting with team,Work
New offer on shoes,Promotions
Let’s hang out,Social
Update your account now,Spam
Team lunch at 1 PM,Work
Your Amazon order has shipped,Promotions
Weekend plans?,Social
You have won $1000!,Spam
Client feedback required,Work
Flash sale: Up to 80% off,Promotions
Check out these memes,Social
"Limited time offer, click now",Spam
Project deadline extended,Work
Special discount just for you,Promotions
Photos from the trip,Social
"Congratulations, you've been selected",Spam
Zoom meeting invite,Work
Deal of the day inside,Promotions
Let’s go for a movie,Social
Earn money from home,Spam
Submit report by EOD,Work
Big sale on electronics,Promotions
Birthday party this Friday,Social
